{
    "Modules": {
        "...MASTER...": {
            "start_perf": [
                0.2122499942779541,
                0.037995000000000001,
                0.036995,
                267572,
                279772,
                1590714952.521744,
                16782025256737174
            ],
            "child_modules": {
                "first_counter_tb": 1,
                "std": 1,
                "_vcs_unit__2814988370": 1
            },
            "end_perf": [
                0.21466994285583496,
                0.040212999999999999,
                0.037197000000000001,
                269324,
                279772,
                16782025264960331,
                0,
                0
            ],
            "nMops": 0,
            "nQuads": 0,
            "nRouts": 5
        },
        "_vcs_unit__2814988370": {
            "start_perf": [
                0.2147369384765625,
                0.040246999999999998,
                0.037228999999999998,
                269324,
                279772,
                1590714952.524231,
                16782025265165780
            ],
            "child_modules": {},
            "end_perf": [
                0.21590709686279297,
                0.041338,
                0.037304999999999998,
                272936,
                279772,
                16782025269229868,
                4294967297,
                0
            ],
            "Compiled Times": 1,
            "Compiled": "Yes",
            "nMops": 0,
            "nQuads": 0,
            "nRouts": 5
        },
        "first_counter_tb": {
            "start_perf": [
                0.22153496742248535,
                0.046148000000000002,
                0.038122000000000003,
                274056,
                279772,
                1590714952.531029,
                16782025288225298
            ],
            "child_modules": {},
            "end_perf": [
                0.23721504211425781,
                0.060521999999999999,
                0.039338999999999999,
                276600,
                279772,
                16782025341469866,
                12884901889,
                0
            ],
            "Compiled Times": 1,
            "Compiled": "Yes",
            "nMops": 790,
            "nQuads": 386,
            "nRouts": 58
        },
        "std": {
            "start_perf": [
                0.21596193313598633,
                0.041338,
                0.037363,
                272936,
                279772,
                1590714952.525456,
                16782025269315944
            ],
            "child_modules": {},
            "Compiled": "Yes",
            "end_perf": [
                0.22149491310119629,
                0.046126,
                0.038103999999999999,
                274056,
                279772,
                16782025288118571,
                8589934594,
                0
            ],
            "svclass": [
                "$vcs_nba_dyn_obj",
                385,
                37,
                2,
                2,
                0,
                "sigprop$$",
                385,
                37,
                2,
                2,
                0,
                "process",
                1645,
                184,
                8,
                8,
                0,
                "event",
                462,
                36,
                2,
                2,
                0,
                "mailbox",
                912,
                107,
                9,
                9,
                0,
                "semaphore",
                672,
                71,
                5,
                5,
                0
            ],
            "Compiled Times": 1,
            "nQuads": 218,
            "nMops": 472,
            "nRouts": 33
        }
    },
    "stat": {
        "ru_self_end": {
            "ru_maxrss_kb": 76224,
            "ru_utime_sec": 0.062934000000000004,
            "ru_nvcsw": 57,
            "ru_stime_sec": 0.039587999999999998,
            "ru_minflt": 28877,
            "ru_majflt": 0,
            "ru_nivcsw": 37
        },
        "ru_childs_end": {
            "ru_maxrss_kb": 17048,
            "ru_utime_sec": 0.010878000000000001,
            "ru_nvcsw": 17,
            "ru_stime_sec": 0.0082459999999999999,
            "ru_minflt": 6312,
            "ru_majflt": 0,
            "ru_nivcsw": 6
        },
        "cpu_cycles_end": 16782025350389080,
        "peak_mem_kb": 279772
    },
    "CompUnits": {
        "amcQw_d": {
            "mod": "...MASTER...",
            "out": "objs/amcQw_d.o",
            "bytes": 7874,
            "text": 458,
            "mode": 4,
            "checksum": 0
        },
        "MSsWC_d": {
            "mod": "_vcs_unit__2814988370",
            "out": "MSsWC_d.o",
            "bytes": 7590,
            "archive": "archive.0/_19558_archive_1.a",
            "text": 205,
            "mode": 4,
            "checksum": 0
        },
        "reYIK_d": {
            "mod": "std",
            "out": "reYIK_d.o",
            "bytes": 33582,
            "archive": "archive.0/_19558_archive_1.a",
            "text": 4730,
            "cls": 4461,
            "mode": 4,
            "checksum": 0
        },
        "yT6qN_d": {
            "mod": "first_counter_tb",
            "out": "yT6qN_d.o",
            "bytes": 28880,
            "archive": "archive.0/_19558_archive_1.a",
            "text": 7313,
            "mode": 4,
            "checksum": 0
        }
    },
    "reusePaths": {},
    "ObjArchives": [
        {
            "objects": [
                [
                    "MSsWC_d.o",
                    7590
                ],
                [
                    "reYIK_d.o",
                    33582
                ],
                [
                    "yT6qN_d.o",
                    28880
                ],
                [
                    "amcQwB.o",
                    68666
                ]
            ],
            "archive": "archive.0/_19558_archive_1.a",
            "size": 138718
        }
    ]
}