{
    "Modules": {
        "std": {
            "start_perf": [
                0.19379591941833496,
                0.048729000000000001,
                0.025614999999999999,
                268316,
                279604,
                1590716002.5290229,
                16785587097191210
            ],
            "child_modules": {},
            "Compiled": "Yes",
            "Compiled Times": 3,
            "end_perf": [
                0.19585609436035156,
                0.050591999999999998,
                0.025812000000000002,
                268896,
                279604,
                16785587104218240,
                8589934594,
                0
            ],
            "nQuads": 213,
            "svclass": [
                "$vcs_nba_dyn_obj",
                0,
                37,
                2,
                2,
                0,
                "sigprop$$",
                0,
                37,
                2,
                2,
                0,
                "process",
                0,
                184,
                8,
                8,
                0,
                "event",
                0,
                36,
                2,
                2,
                0,
                "mailbox",
                0,
                99,
                9,
                9,
                0,
                "semaphore",
                0,
                69,
                5,
                5,
                0
            ],
            "nMops": 462,
            "nRouts": 33
        },
        "...MASTER...": {
            "start_perf": [
                0.18898606300354004,
                0.048729000000000001,
                0.022808999999999999,
                267540,
                279604,
                1590716002.5242131,
                16785587080884623
            ],
            "child_modules": {
                "_vcs_unit__2528515450": 1,
                "std": 1,
                "tb": 1
            },
            "end_perf": [
                0.19327688217163086,
                0.048729000000000001,
                0.025096,
                268316,
                279604,
                16785587095459312,
                0,
                0
            ],
            "nQuads": 0,
            "nMops": 0,
            "nRouts": 5
        },
        "_vcs_unit__2528515450": {
            "start_perf": [
                0.19335007667541504,
                0.048729000000000001,
                0.025169,
                268316,
                279604,
                1590716002.5285771,
                16785587095686139
            ],
            "child_modules": {},
            "Compiled": "Yes",
            "Compiled Times": 3,
            "end_perf": [
                0.19376587867736816,
                0.048729000000000001,
                0.025585,
                268316,
                279604,
                16785587097108093,
                4294967297,
                0
            ],
            "nQuads": 0,
            "nMops": 0,
            "nRouts": 5
        },
        "tb": {
            "start_perf": [
                0.19589805603027344,
                0.050619999999999998,
                0.025826000000000002,
                268896,
                279604,
                1590716002.5311251,
                16785587104323770
            ],
            "child_modules": {},
            "Compiled": "Yes",
            "Compiled Times": 3,
            "end_perf": [
                0.2098228931427002,
                0.062615000000000004,
                0.027715,
                274336,
                279604,
                16785587151618531,
                12884901889,
                0
            ],
            "nQuads": 227,
            "nMops": 394,
            "nRouts": 30
        }
    },
    "CompUnits": {
        "g7hgQ_d": {
            "out": "g7hgQ_d.o",
            "mod": "tb",
            "bytes": 18068,
            "text": 3835,
            "checksum": 0,
            "mode": 4,
            "archive": "archive.2/_23544_archive_1.a"
        }
    },
    "reusePaths": {
        "amcQw_d": {
            "icPath": "csrc"
        },
        "d80md_d": {
            "icPath": "csrc"
        },
        "reYIK_d": {
            "icPath": "csrc"
        }
    },
    "ObjArchives": [
        {
            "size": 84452,
            "archive": "archive.2/_23544_archive_1.a",
            "objects": [
                [
                    "g7hgQ_d.o",
                    18068
                ],
                [
                    "amcQwB.o",
                    66384
                ]
            ]
        }
    ],
    "stat": {
        "ru_childs_end": {
            "ru_maxrss_kb": 17396,
            "ru_utime_sec": 0.0088640000000000004,
            "ru_stime_sec": 0.012298,
            "ru_minflt": 6895,
            "ru_nivcsw": 8,
            "ru_majflt": 0,
            "ru_nvcsw": 18
        },
        "ru_self_end": {
            "ru_maxrss_kb": 74028,
            "ru_utime_sec": 0.064255999999999994,
            "ru_stime_sec": 0.028558,
            "ru_minflt": 28539,
            "ru_nivcsw": 36,
            "ru_majflt": 0,
            "ru_nvcsw": 43
        },
        "peak_mem_kb": 279604,
        "cpu_cycles_end": 16785587159938854
    }
}