{
    "Modules": {
        "...MASTER...": {
            "start_perf": [
                0.20441603660583496,
                0.048857999999999999,
                0.029912999999999999,
                267424,
                279696,
                1598892754.801578,
                44522819401438588
            ],
            "nQuads": 0,
            "child_modules": {
                "tb_4to1_mux": 1,
                "std": 1
            },
            "end_perf": [
                0.20960187911987305,
                0.048857999999999999,
                0.032474000000000003,
                268912,
                279696,
                44522819419075845,
                0,
                0
            ],
            "nRouts": 5,
            "nMops": 0
        },
        "std": {
            "start_perf": [
                0.20969510078430176,
                0.048857999999999999,
                0.032568,
                268912,
                279696,
                1598892754.8068571,
                44522819419343202
            ],
            "nQuads": 213,
            "child_modules": {},
            "Compiled": "Yes",
            "Compiled Times": 15,
            "end_perf": [
                0.21197390556335449,
                0.050820999999999998,
                0.032883999999999997,
                268912,
                279696,
                44522819427083534,
                8589934594,
                0
            ],
            "svclass": [
                "$vcs_nba_dyn_obj",
                0,
                37,
                2,
                2,
                0,
                "sigprop$$",
                0,
                37,
                2,
                2,
                0,
                "process",
                0,
                184,
                8,
                8,
                0,
                "event",
                0,
                36,
                2,
                2,
                0,
                "mailbox",
                0,
                99,
                9,
                9,
                0,
                "semaphore",
                0,
                69,
                5,
                5,
                0
            ],
            "nRouts": 33,
            "nMops": 462
        },
        "tb_4to1_mux": {
            "start_perf": [
                0.21201205253601074,
                0.050844,
                0.032898999999999998,
                268912,
                279696,
                1598892754.8091741,
                44522819427191760
            ],
            "nQuads": 218,
            "child_modules": {},
            "Compiled Times": 15,
            "Compiled": "Yes",
            "end_perf": [
                0.22553896903991699,
                0.062476999999999998,
                0.034708999999999997,
                274008,
                279696,
                44522819473142543,
                12884901889,
                0
            ],
            "nRouts": 24,
            "nMops": 547
        }
    },
    "ObjArchives": [
        {
            "archive": "archive.14/_15535_archive_1.a",
            "objects": [
                [
                    "e8fGZ_d.o",
                    20150
                ],
                [
                    "amcQwB.o",
                    67078
                ]
            ],
            "size": 87228
        }
    ],
    "reusePaths": {
        "reYIK_d": {
            "icPath": "csrc"
        },
        "amcQw_d": {
            "icPath": "csrc"
        }
    },
    "CompUnits": {
        "e8fGZ_d": {
            "mod": "tb_4to1_mux",
            "checksum": 0,
            "bytes": 20150,
            "out": "e8fGZ_d.o",
            "text": 4575,
            "mode": 4,
            "archive": "archive.14/_15535_archive_1.a"
        }
    },
    "stat": {
        "ru_self_end": {
            "ru_utime_sec": 0.063391000000000003,
            "ru_stime_sec": 0.036646999999999999,
            "ru_maxrss_kb": 73016,
            "ru_nvcsw": 42,
            "ru_majflt": 0,
            "ru_minflt": 28256,
            "ru_nivcsw": 35
        },
        "ru_childs_end": {
            "ru_utime_sec": 0.0093939999999999996,
            "ru_stime_sec": 0.014779,
            "ru_maxrss_kb": 17312,
            "ru_nvcsw": 18,
            "ru_majflt": 0,
            "ru_minflt": 6903,
            "ru_nivcsw": 8
        },
        "cpu_cycles_end": 44522819482959403,
        "peak_mem_kb": 279696
    }
}